variant,sigma_bat,sigma_fld,V2_start_pp,MTV2_inn1_pp,MTV1_inn1_pp,MTV2_inn9_pp,obs_pp,opt_pp,oracle_pp,capture,perception_cost,gap_wp,opt_used,notes
"primary (WP v2, pooled probit, all pitches)",3.041105762820918,1.877822268160753,2.4718073646057572,0.8543426439286392,1.527381535717521,0.4027280227384543,2.1022437557180873,2.5560615710200647,6.355541475123887,0.8224542708801535,0.40217841092292456,0.004538178153019774,2.718845360824742,
"primary, second ε seed",3.041105762820918,1.877822268160753,2.4518700185645894,0.8486775777901159,1.5140328732563015,0.3965892808542249,2.1022437557180873,2.5618958459632153,6.355541475123887,0.8205812734466146,0.4030963932798939,0.00459652090245128,2.723422680412371,
"primary, third ε seed",3.041105762820918,1.877822268160753,2.4351708712315387,0.850308734356375,1.4941396861196383,0.44675925350678625,2.1022437557180873,2.549998966740665,6.355541475123887,0.8244096500184526,0.4012245025418481,0.004477552110225776,2.7219931271477664,
WP variant v1 (direct HGB fit with count),3.0460069499826314,1.8780804793167263,2.915155722622818,1.008612177322445,1.7813104952375682,0.40127777804191656,2.361376569569971,3.003646244611143,7.436939128038385,0.7861700004807586,0.4038820532074739,0.006422696750411721,2.7721477663230245,
perception fit excluding |x| < 0.3 in,3.044450986408479,1.8884701215236561,2.46561986153997,0.8530055702674493,1.5226596108349075,0.40307432704044815,2.1022437557180873,2.550670095864751,6.355541475123887,0.8241927323828862,0.40133010001559805,0.0044842634014666365,2.7132646048109965,
perception fit excluding |x| < 0.5 in,3.0495829549885176,1.8906588882336692,2.4632255500261886,0.8523710395695008,1.520952936409204,0.40314257176815566,2.1022437557180873,2.550061849702397,6.355541475123887,0.8243893205819413,0.40123439673606864,0.004478180939843094,2.7149862542955323,
perception fit excluding |x| < 0.75 in,3.0603378783702757,1.899980726678829,2.455879065877857,0.8506958249314016,1.5154462533445365,0.40384981562368927,2.1022437557180873,2.536964050920748,6.355541475123887,0.8286454650215141,0.3991735497047158,0.004347202952026605,2.706381443298969,
hurdle probit: optimum limited to considered opportunities,2.7269507482063493,1.780598705706548,2.3182165797901932,0.7753109507416891,1.461510233918604,0.33027274310192256,2.1022437557180873,2.345070802871117,6.355541475123887,0.8964521468367899,0.36898048923918086,0.002428270471530297,2.6576323024054984,"π_bat=0.735, π_fld=0.893"
"hurdle probit σ, no attention limit",2.7269507482063493,1.780598705706548,2.605550145840304,0.889535946280742,1.6228893682055712,0.4021463428276098,2.1022437557180873,2.6918898284725965,6.355541475123887,0.7809546042643655,0.42355003724055224,0.005896460727545093,2.79740206185567,
counterfactual: batters perceive at catcher-level σ,1.877822268160753,1.877822268160753,2.8871975952419584,0.9604057368305382,1.826202310516572,0.3991473073105819,2.1022437557180873,2.9531464373612932,6.355541475123887,0.7118657338226994,0.4646569374018173,0.00850902681643206,2.9655670103092784,
counterfactual: σ = 1.0 in both sides,1.0,1.0,4.199739788057746,1.1336807698510194,2.9359799926078494,0.36314512953668393,2.1022437557180873,4.21765882879242,6.355541475123887,0.4984385511143849,0.6636191181035769,0.021154150730743327,3.8007010309278355,
counterfactual: σ = 0.5 in both sides,0.5,0.5,5.35469336224514,1.0115853343094388,4.193414519336658,0.22267928919484092,2.1022437557180873,5.363192415016551,6.355541475123887,0.3919761949677503,0.8438608159522722,0.03260948659298464,4.6143058419243985,
σ from cell + player fixed effects (within-player noise),2.8984564698382727,1.840298520814684,2.5265038744117208,0.869313032697087,1.5659479466273367,0.4025848163723179,2.1022437557180873,2.6092233899200363,6.355541475123887,0.8056971142599307,0.41054305130927893,0.0050697963420194905,2.75133676975945,"σ_bat=2.90, σ_fld=1.84"
"time holdout: preprocessing + perception + DP fit through Jul 31, evaluated Aug-Sep",3.0607881820972747,1.8987673566617067,2.430528258712329,0.8435868819280101,1.4975797400227309,0.39753967464917406,2.210221643751949,2.597515318922025,6.426714885354415,0.8508984057384485,0.4041746623677673,0.003872936751700761,2.7388172043010757,"train 1650 games, test 775 games"
