inn_band,lev,cnt,n,g_med,pstar_t2,pstar_t1
1-3,high,PA-ending,23983,0.0275232195854187,0.2161125555891787,0.3359723706537648
1-3,high,count-changing,20090,0.01635688543319702,0.3200496091371575,0.46494048050249515
1-3,low,PA-ending,1594,0.0024653077125549316,0.6370092987208524,0.754956329734086
1-3,low,count-changing,22043,0.003378927707672119,0.6574979276218282,0.7777650060832456
1-3,mid,PA-ending,6160,0.009413838386535645,0.41967575280162267,0.5686249865202943
1-3,mid,count-changing,48287,0.00820988416671753,0.4650120961898015,0.6138352338922157
4-6,high,PA-ending,18790,0.028120458126068115,0.16456654443110677,0.27475645052607905
4-6,high,count-changing,19553,0.017454683780670166,0.2575092818008473,0.4025042454753909
4-6,low,PA-ending,5419,0.0016478300094604492,0.5209968896825573,0.6632417146560844
4-6,low,count-changing,33925,0.001999497413635254,0.6043976402849176,0.7399558194643013
4-6,mid,PA-ending,5991,0.008565478026866913,0.3121665953495097,0.46838205165604313
4-6,mid,count-changing,34739,0.008110851049423218,0.4012751062426793,0.5627471327786698
7-8,high,PA-ending,9711,0.03346586227416992,0.09052490914410921,0.1794762387147226
7-8,high,count-changing,13685,0.01982836425304413,0.16828875589791267,0.30870614578525807
7-8,low,PA-ending,7202,0.0010794773697853088,0.4045943463747633,0.5747189614800646
7-8,low,count-changing,32446,0.0011174208484590054,0.52158722879721,0.6843098749257246
7-8,mid,PA-ending,4166,0.008289068937301636,0.2037036865812208,0.35046362964518046
7-8,mid,count-changing,13541,0.00788716971874237,0.28804334500840206,0.4595580843808578
9+,high,PA-ending,4324,0.04998224973678589,0.03201885907607909,0.08002360475868947
9+,high,count-changing,8271,0.024207592010498047,0.07927420848042156,0.16870880468398
9+,low,PA-ending,3209,0.0006359796971082687,0.28087085927871946,0.49746556370413514
9+,low,count-changing,12271,0.0004577592480927706,0.3685439411175598,0.588858306249634
9+,mid,PA-ending,1051,0.0077721476554870605,0.060311141324758295,0.1913734206943416
9+,mid,count-changing,4037,0.00843142718076706,0.14549874563440482,0.2877236913758768
