team,games,obs,opt,used,succ,obs_sd,capture_raw,succ_rate,diff,diff_shrunk,capture_shrunk
MIN,161,0.027429566529463045,0.027680904894149993,2.7888198757763973,1.5217391304347827,0.03873733544410586,0.9909201535987335,0.5456570155902005,-0.00025133836468694756,-0.0032081141626931963,0.8841037106640545
MIA,162,0.025577465220089555,0.02600995038709058,2.4691358024691357,1.4012345679012346,0.036534826369173316,0.9833723186486477,0.5675,-0.00043248516700102393,-0.003206188558926473,0.8767322308881531
CIN,162,0.027828992461034006,0.02898386921353202,2.2839506172839505,1.4074074074074074,0.042995697446512694,0.9601545002846333,0.6162162162162163,-0.0011548767524980144,-0.0038206848071842556,0.8681789246619823
COL,162,0.02384084144069888,0.023864524723937876,2.382716049382716,1.2901234567901234,0.042703430361791604,0.9990075945985533,0.5414507772020726,-2.3683283238994796e-05,-0.0033400444633034936,0.8600414421849691
CWS,162,0.0259329503077211,0.026625645312289163,2.7222222222222223,1.345679012345679,0.050964621270677316,0.97398391676733,0.49433106575963714,-0.0006926950045680648,-0.003833806613356275,0.8560107532271991
ATH,162,0.02528774324755544,0.028338904221419835,2.302469135802469,1.382716049382716,0.037254721813192435,0.892333135042032,0.6005361930294906,-0.003051160973864396,-0.004097877846645069,0.855397448870034
NYY,161,0.021672637909624592,0.02309775371598069,2.459627329192547,1.3478260869565217,0.033850278285736224,0.9383006753002956,0.5479797979797979,-0.0014251158063560976,-0.003365149870140729,0.8543083491355926
LAA,162,0.02569730253457866,0.030584287398154154,2.2777777777777777,1.2222222222222223,0.048742765545200864,0.8402125640543635,0.5365853658536586,-0.004886984863575493,-0.004639666471548218,0.8482990167092063
CHC,162,0.020809658937740793,0.02402290356257849,2.0864197530864197,1.228395061728395,0.03651040243952066,0.8662424541451723,0.5887573964497042,-0.003213244624837696,-0.004169086119103005,0.8264536962302355
SD,160,0.022690990642877294,0.029258172398527675,2.125,1.06875,0.03392083288562797,0.7755436783200835,0.5029411764705882,-0.006567181755650381,-0.005101630098425748,0.8256340133301534
BAL,161,0.021562749151604485,0.0264323434081285,2.018633540372671,1.0062111801242235,0.04431149205759064,0.8157713759489629,0.4984615384615384,-0.004869594256524015,-0.0046340577866644415,0.8246822949024122
HOU,162,0.018796961623638146,0.021438761520218893,2.376543209876543,1.2407407407407407,0.03219409686190723,0.8767746031369739,0.522077922077922,-0.0026417998965807474,-0.003791884477955286,0.8231294996038293
BOS,162,0.02209872575182134,0.029050489378010462,2.067901234567901,1.1296296296296295,0.03510522181152403,0.760700636201633,0.5462686567164179,-0.006951763626189121,-0.005146160090844308,0.8228546161862714
NYM,162,0.021394986231449746,0.02744276792504962,2.3641975308641974,1.2098765432098766,0.03327150334209659,0.779622022453519,0.5117493472584856,-0.006047781693599874,-0.004910089663685701,0.8210789204246486
AZ,160,0.020721596082876204,0.025498554770632155,1.925,1.15,0.03896658282421868,0.8126576690041354,0.5974025974025974,-0.004776958687755951,-0.004596331431108172,0.819741492313832
SEA,162,0.020642001972711103,0.02861806001250342,2.067901234567901,1.0493827160493827,0.037748197168642666,0.7212928466741797,0.5074626865671642,-0.007976058039792316,-0.0051895481746443255,0.8186617760820623
MIL,161,0.021430971502572817,0.027601294222386736,2.3664596273291925,1.2484472049689441,0.030891939571015353,0.7764480654385648,0.5275590551181103,-0.006170322719813919,-0.00500930603233858,0.8185119149856511
TEX,162,0.01986704418869735,0.025343808444921265,1.808641975308642,1.0493827160493827,0.030992723274886863,0.783901292178468,0.5802047781569966,-0.005476764256223916,-0.004746667989639667,0.8127089699263068
PHI,161,0.019053724164409657,0.02333076824788183,2.0683229813664594,1.186335403726708,0.0343583833504235,0.8166779577067514,0.5735735735735736,-0.004277044083472174,-0.004471307594720188,0.808351463303137
WSH,162,0.01958668828799237,0.02503428751596349,2.0864197530864197,1.0555555555555556,0.031240447552750863,0.7823944769949065,0.5059171597633136,-0.0054475992279711186,-0.00489781433953334,0.8043557526288625
STL,162,0.0186782896454543,0.024296106031203107,1.7592592592592593,0.8703703703703703,0.04296322998517774,0.7687770880430824,0.49473684210526314,-0.005617816385748809,-0.004781623794960043,0.8031938209020377
CLE,162,0.019868475665145838,0.028140057159034487,2.0925925925925926,1.0185185185185186,0.03434569678425257,0.7060566918133276,0.4867256637168142,-0.008271581493888649,-0.005550489076103545,0.8027548755592511
TOR,162,0.018612270513689688,0.023501707302168023,2.0987654320987654,1.1604938271604939,0.02858763762730856,0.791953974848998,0.5529411764705883,-0.004889436788478335,-0.00464002263317572,0.8025665721422851
KC,162,0.0178305632743789,0.021545993306596452,2.037037037037037,1.1358024691358024,0.027196970277744537,0.8275581924050793,0.5575757575757575,-0.0037154300322175537,-0.0042703432627267,0.8018033700298558
DET,162,0.017478612231570878,0.021761298166746223,2.037037037037037,1.1666666666666667,0.027312092539355126,0.8031971299524868,0.5727272727272728,-0.004282685935175345,-0.004463013668344306,0.7949105042288191
ATL,161,0.018038541017106,0.023867062885001133,1.8819875776397517,1.0,0.03258579269557175,0.7557922440654408,0.5313531353135313,-0.005828521867895134,-0.004913107637181635,0.7941469521886919
LAD,162,0.01917068726262737,0.02709871022762731,1.9135802469135803,1.0432098765432098,0.02963381090649433,0.7074391032486383,0.5451612903225806,-0.007928022964999941,-0.005644284885607731,0.791713891982455
TB,162,0.01697354969125885,0.02232068395195026,2.1049382716049383,1.1111111111111112,0.028807026824732712,0.7604403936634654,0.5278592375366569,-0.005347134260691409,-0.004745462169552918,0.787396202564022
SF,162,0.016325511017912728,0.02204822789308781,2.067901234567901,1.0617283950617284,0.028983213510105743,0.7404454950790321,0.5134328358208956,-0.005722716875175081,-0.004932403670022971,0.776290244552067
PIT,162,0.015808762701905756,0.02423645962831129,2.185185185185185,1.0308641975308641,0.028371854511052865,0.6522719466600269,0.4717514124293785,-0.008427696926405534,-0.005505539464357729,0.7728406067226686
