h,inning,half,d_team,V1,V2,MTV1,MTV2
1,1,top,-6,0.005211423664759846,0.008111459610391027,0.004837583094250045,0.0029000359456311815
1,1,top,-5,0.0086808822365178,0.013361860091879948,0.008082853617915246,0.0046809778553621485
1,1,top,-4,0.011691687481367855,0.01707267015608661,0.01101873673461733,0.005380982674718756
1,1,top,-3,0.011311188248339614,0.017302527820517916,0.010567826754380895,0.005991339572178301
1,1,top,-2,0.013736587557082191,0.02100156229765761,0.0128766178637096,0.007264974740575417
1,1,top,-1,0.015123423463465051,0.023114747494906274,0.014190462343457126,0.007991324031441222
1,1,top,0,0.016211545417782112,0.024764450033973328,0.015286882544667242,0.008552904616191216
1,1,top,1,0.0158242514655786,0.02397422940873104,0.014891290345570676,0.008149977943152437
1,1,top,2,0.014620220525899761,0.021893332738418723,0.01376025083252717,0.0072731122125189625
1,1,top,3,0.011667831543051033,0.017736069765570357,0.010924470049092314,0.006068238222519324
1,1,top,4,0.010948583635176437,0.01656610006186051,0.010275632888425913,0.005617516426684073
1,1,top,5,0.011207086947883246,0.01631158672151444,0.010609058329280692,0.005104499773631196
1,1,top,6,0.005560053440353757,0.008446436950975971,0.0051862128698439555,0.002886383510622215
2,1,bottom,-6,0.005211423664759846,0.008111459610391027,0.004837583094250045,0.0029000359456311815
2,1,bottom,-5,0.0086808822365178,0.013361860091879948,0.008082853617915246,0.0046809778553621485
2,1,bottom,-4,0.011691687481367855,0.01707267015608661,0.01101873673461733,0.005380982674718756
2,1,bottom,-3,0.011311188248339614,0.017302527820517916,0.010567826754380895,0.005991339572178301
2,1,bottom,-2,0.013736587557082191,0.02100156229765761,0.0128766178637096,0.007264974740575417
2,1,bottom,-1,0.015123423463465051,0.023114747494906274,0.014190462343457126,0.007991324031441222
2,1,bottom,0,0.01601599637558068,0.024400729827040193,0.01507179445848832,0.008384733451459514
2,1,bottom,1,0.0158242514655786,0.02397422940873104,0.014891290345570676,0.008149977943152437
2,1,bottom,2,0.014620220525899761,0.021893332738418723,0.01376025083252717,0.0072731122125189625
2,1,bottom,3,0.011667831543051033,0.017736069765570357,0.010924470049092314,0.006068238222519324
2,1,bottom,4,0.010948583635176437,0.01656610006186051,0.010275632888425913,0.005617516426684073
2,1,bottom,5,0.011207086947883246,0.01631158672151444,0.010609058329280692,0.005104499773631196
2,1,bottom,6,0.005560053440353757,0.008446436950975971,0.0051862128698439555,0.002886383510622215
3,2,top,-6,0.004442309678191824,0.00692861120739295,0.004122328676714225,0.0024863015292011263
3,2,top,-5,0.006507810805711573,0.010149704079057745,0.006041641202104151,0.0036418932733461723
3,2,top,-4,0.008529720443216237,0.013170305559712771,0.007925051491610846,0.004640585116496534
3,2,top,-3,0.010273068195257017,0.015753270819548745,0.009570664491972244,0.005480202624291728
3,2,top,-2,0.012666367436294604,0.019302018172812532,0.01184179733664227,0.006635650736517928
3,2,top,-1,0.014644065773899397,0.022284048964443116,0.013706507667370697,0.007639983190543719
3,2,top,0,0.016112424279514384,0.02449449684423209,0.015118721889150883,0.008382072564717707
3,2,top,1,0.014920843307632823,0.02259478793542061,0.013983285201104121,0.007673944627787787
3,2,top,2,0.01294647487703336,0.01953245655340431,0.012121904777381027,0.006585981676370948
3,2,top,3,0.010903395497815627,0.016385808936135334,0.010200991794530854,0.005482413438319707
3,2,top,4,0.009266328941052476,0.014063212260698848,0.008661659989447085,0.004796883319646372
3,2,top,5,0.007155135198849875,0.010832868639142304,0.006688965595242452,0.003677733440292429
3,2,top,6,0.0046764938971546165,0.007112569117994437,0.004356512895677018,0.0024360752208398206
4,2,bottom,-6,0.003872145849345985,0.0060717308794490535,0.0035862264519958436,0.0021995850301030685
4,2,bottom,-5,0.006353567471117085,0.009888137440747156,0.005895026934595073,0.003534569969630071
4,2,bottom,-4,0.008188540397149002,0.012627030004468652,0.007598379681186325,0.00443848960731965
4,2,bottom,-3,0.010075022645589142,0.015463476471801886,0.009367843005517984,0.005388453826212744
4,2,bottom,-2,0.01239564954479862,0.01881681953316438,0.01156019140216342,0.00642116998836576
4,2,bottom,-1,0.014430752763910254,0.021949699027996827,0.01346390391594672,0.007518946264086572
4,2,bottom,0,0.015984474590060204,0.024212258826293163,0.014955912331201714,0.008227784236232959
4,2,bottom,1,0.014981225110556811,0.022526262787978108,0.014014376262593277,0.007545037677421297
4,2,bottom,2,0.01259280481377286,0.018970768338891043,0.011757346671137661,0.006377963525118182
4,2,bottom,3,0.010760400505592106,0.016098617938834967,0.010053220865520948,0.005338217433242861
4,2,bottom,4,0.008876236615671374,0.013475938083947,0.008286075899708697,0.004599701468275626
4,2,bottom,5,0.007056717783107717,0.010632748738101258,0.006598177246585705,0.003576030954993541
4,2,bottom,6,0.004130858885156764,0.006270728909380504,0.0038449394878066227,0.0021398700242237396
5,3,top,-6,0.0034482207252800735,0.00542943141379698,0.0031927569369709073,0.001981210688516907
5,3,top,-5,0.005688639923645777,0.00882127920628195,0.005275229133044448,0.0031326392826361727
5,3,top,-4,0.007824416201871619,0.012116993049523182,0.007242337583737359,0.004292576847651563
5,3,top,-3,0.009852491318330185,0.015080954956575469,0.009143134438955335,0.005228463638245284
5,3,top,-2,0.012002310478529784,0.018263705428853846,0.011148532577998475,0.0062613949503240625
5,3,top,-1,0.014057143854655953,0.0214062679843276,0.013067262021066431,0.007349124129671649
5,3,top,0,0.015891759387191857,0.02401351510648277,0.014811149429917835,0.008121755719290913
5,3,top,1,0.014542980671484301,0.02179389688737967,0.01355309883789478,0.007250916215895369
5,3,top,2,0.012491740028559541,0.018765978335356315,0.011637962128028232,0.0062742383067967734
5,3,top,3,0.010467911302636128,0.01570704574427325,0.009758554423261278,0.005239134441637122
5,3,top,4,0.008469292020483264,0.01282280519304353,0.007887213402349004,0.004353513172560266
5,3,top,5,0.006069875992976511,0.009203197077446981,0.005656465202375182,0.0031333210844704702
5,3,top,6,0.003662385874010763,0.005549181281721608,0.0034069220857015966,0.0018867954077108453
6,3,bottom,-6,0.0031582269334518185,0.004919661775615519,0.00292405021787468,0.0017614348421637008
6,3,bottom,-5,0.005413335542421143,0.00841923456163548,0.005001373674288265,0.003005899019214338
6,3,bottom,-4,0.007425167800451211,0.011478701513626944,0.006866553701927168,0.004053533713175733
6,3,bottom,-3,0.009971414590107842,0.015230439928379667,0.009251689073779039,0.005259025338271824
6,3,bottom,-2,0.011976414496707602,0.018110925651997494,0.01109911201267847,0.0061345111552898925
6,3,bottom,-1,0.01368240547571296,0.020843817572596502,0.012649732477620287,0.007161412096883542
6,3,bottom,0,0.015985668866757268,0.02405068458201858,0.014848192948011152,0.00806501571526131
6,3,bottom,1,0.014490082182681042,0.02155451947622352,0.013457409184588369,0.007064437293542478
6,3,bottom,2,0.012384054919537077,0.01849634703012152,0.011506752435507946,0.006112292110584443
6,3,bottom,3,0.010549961494244683,0.015715778944979004,0.00983023597791588,0.005165817450734321
6,3,bottom,4,0.00812432802549965,0.012238778791260192,0.0075657139269756065,0.004114450765760542
6,3,bottom,5,0.0058855766953338105,0.008898148387358943,0.005473614827200933,0.003012571692025133
6,3,bottom,6,0.0033153576724753143,0.005006129443412214,0.003081180956898176,0.0016907717709368996
7,4,top,-6,0.00282742361595764,0.004396785393382651,0.002611787314977543,0.0015693617774250115
7,4,top,-5,0.004919687566776408,0.007647987514615435,0.004544976672544733,0.002728299947839027
7,4,top,-4,0.006705073230987454,0.010376322123878262,0.006186098435271404,0.0036712488928908084
7,4,top,-3,0.009315144029212881,0.014197018079366557,0.00861365786071831,0.004881874050153676
7,4,top,-2,0.011668802585413423,0.017611159442072644,0.010764245467869867,0.00594235685665922
7,4,top,-1,0.013552105071370456,0.02052365518317798,0.01247680000536917,0.006971550111807525
7,4,top,0,0.015517969297626309,0.023302068359847578,0.014305920183140003,0.007784099062221269
7,4,top,1,0.013694163082581964,0.02047887863658836,0.012618858016580678,0.0067847155540063965
7,4,top,2,0.01195907365081846,0.01781337754105182,0.011054516533274904,0.005854303890233359
7,4,top,3,0.00983083565123293,0.014509237279253783,0.009129349482738358,0.004678401628020853
7,4,top,4,0.007308894308780572,0.01087897266129335,0.0067899195130645225,0.0035700783525127785
7,4,top,5,0.005018439386405035,0.007584258006265218,0.00464372849217336,0.0025658186198601832
7,4,top,6,0.0029652688277867797,0.004469090896644476,0.002749632526806683,0.0015038220688576962
8,4,bottom,-6,0.0024930853607166605,0.0038980215362675263,0.002299794703139325,0.0014049361755508658
8,4,bottom,-5,0.0045556426924100255,0.007051317656928809,0.004206342412520949,0.0024956749645187832
8,4,bottom,-4,0.006163603114426214,0.00956976288077539,0.005676981927831042,0.003406159766349175
8,4,bottom,-3,0.008835461581626701,0.013494000861256713,0.008139377944601713,0.004658539279630012
8,4,bottom,-2,0.011197015481734577,0.0169424219866036,0.010272425942696232,0.005745406504869023
8,4,bottom,-1,0.013233176414337348,0.019917126607270026,0.012121858042696776,0.006683950192932678
8,4,bottom,0,0.015635162612964708,0.023288897236467605,0.0143379719597373,0.0076537346235028975
8,4,bottom,1,0.013495415902374625,0.02000862136360734,0.012384097530734052,0.0065132054612327146
8,4,bottom,2,0.011406403049132803,0.01705152530724203,0.010481813510094458,0.005645122258109226
8,4,bottom,3,0.009140620039368852,0.013562316691208403,0.008444536402343864,0.00442169665183955
8,4,bottom,4,0.006965714589289064,0.010279100716225472,0.006479093402693892,0.003313386126936408
8,4,bottom,5,0.004677649797230868,0.0070448765115017405,0.004328349517341791,0.0023672267142708725
8,4,bottom,6,0.0026398379363881705,0.003957128876916017,0.002446547278810835,0.0013172909405278466
9,5,top,-6,0.0022196825976693252,0.003420772000587056,0.0020483072057031794,0.0012010894029177307
9,5,top,-5,0.004195041999719063,0.006438746609351049,0.0038699522550454503,0.0022437046096319864
9,5,top,-4,0.005473273365508439,0.008459914818562403,0.0050259620321720915,0.0029866414530539632
9,5,top,-3,0.008091015164196878,0.012277154899749775,0.007414306315208532,0.0041861397355528965
9,5,top,-2,0.01079882299609329,0.016255416313260357,0.009852523018152473,0.005456593317167066
9,5,top,-1,0.013051812995142619,0.01941309379056298,0.011901773126394257,0.00636128079542036
9,5,top,0,0.01580203336347732,0.02334633379758437,0.014388810288931145,0.007544300434107049
9,5,top,1,0.013348650978578841,0.01960869562985165,0.01219861110983048,0.006260044651272808
9,5,top,2,0.01130079729632941,0.01676198104237049,0.010354497318388592,0.005461183746041081
9,5,top,3,0.00857583990056625,0.012644532612468349,0.007899131051577904,0.0040686927119020985
9,5,top,4,0.006211135273616637,0.009166171275844844,0.005763823940280289,0.0029550360022282075
9,5,top,5,0.004451466878415239,0.006628641430916055,0.004126377133741627,0.0021771745525008155
9,5,top,6,0.0022779165088021008,0.0034123417519114816,0.002106541116835955,0.0011344252431093808
10,5,bottom,-6,0.0016084650770919649,0.0025486257420519087,0.0014739836131455733,0.0009401606649599439
10,5,bottom,-5,0.0036466565682400213,0.0055359124880777445,0.003367061044072741,0.0018892559198377232
10,5,bottom,-4,0.004688565040755993,0.007255358643944506,0.004292327274599934,0.0025667936031885134
10,5,bottom,-3,0.007392102265196795,0.011308248153641717,0.00672662298487812,0.003916145888444922
10,5,bottom,-2,0.009868998613861655,0.014886969450484837,0.008925246872037907,0.005017970836623182
10,5,bottom,-1,0.012836651988608488,0.0190868078369858,0.011626937455966524,0.006250155848377313
10,5,bottom,0,0.015414436048383702,0.022834105858681314,0.013873232524773993,0.007419669810297612
10,5,bottom,1,0.013321143400764218,0.01935857617255319,0.012111428868122253,0.006037432771788972
10,5,bottom,2,0.010804561128898556,0.015842471670920327,0.009860809387074808,0.005037910542021771
10,5,bottom,3,0.00827155528596197,0.012044632984617845,0.007606076005643294,0.003773077698655876
10,5,bottom,4,0.005390071801196188,0.007904549465131652,0.00499383403504013,0.002514477663935464
10,5,bottom,5,0.003740142455009304,0.005504967805891475,0.0034605469308420234,0.0017648253508821708
10,5,bottom,6,0.0018180846234712735,0.0027062070136146103,0.001683603159524882,0.0008881223901433368
11,6,top,-6,0.0012059138821860437,0.001887604085942497,0.0011098567648794517,0.0006816902037564533
11,6,top,-5,0.002963235386690104,0.00453466601620965,0.002712768747019739,0.0015714306295195458
11,6,top,-4,0.0045285617279901815,0.00691573948303705,0.004150272373404869,0.0023871777550468687
11,6,top,-3,0.006961892893110072,0.010425979046201251,0.006313823017290974,0.0034640861530911794
11,6,top,-2,0.009305894033954204,0.01395742285534709,0.008354725630987367,0.004651528821392886
11,6,top,-1,0.012519659537470463,0.01856000474589347,0.011254126302459424,0.006040345208423007
11,6,top,0,0.015770093668377377,0.02321439537894164,0.013983135552817294,0.007444301710564264
11,6,top,1,0.012928911384331547,0.018686881120150083,0.011663378149320508,0.005757969735818536
11,6,top,2,0.0104971229623197,0.015176375987925487,0.009545954559352863,0.004679253025605786
11,6,top,3,0.007967572233030741,0.011425132976486924,0.0073195023572116425,0.003457560743456182
11,6,top,4,0.005026359992908965,0.007309243095293518,0.004648070638323652,0.0022828831023845525
11,6,top,5,0.003298977979967726,0.004771692696303279,0.0030485113402973613,0.001472714716335553
11,6,top,6,0.0013166587895003115,0.0019469481481103005,0.0012206016721937195,0.000630289358609989
12,6,bottom,-6,0.0010031614739018247,0.0015836290021425186,0.0009206432700744914,0.0005804675282406939
12,6,bottom,-5,0.002714918556764617,0.004119187616836909,0.002486343315664245,0.0014042690600722918
12,6,bottom,-4,0.004090130810347667,0.006274181169779869,0.003734761207117607,0.0021840503594322018
12,6,bottom,-3,0.006175114030618765,0.009267185149886184,0.005577548786959139,0.003092071119267419
12,6,bottom,-2,0.008562821363938346,0.012660586924205628,0.0076140297844668305,0.004097765560267282
12,6,bottom,-1,0.011849895150415828,0.01747205907852144,0.010545087435546874,0.005622163928105613
12,6,bottom,0,0.015566551407369369,0.02257888478737351,0.013484811950500228,0.007012333380004142
12,6,bottom,1,0.012294920899566266,0.01766707541461218,0.010990113184697312,0.005372154515045913
12,6,bottom,2,0.009679405952181305,0.01384535601973734,0.00873061437270979,0.004165950067556035
12,6,bottom,3,0.007502442400068412,0.010631812487534214,0.006904877156408786,0.0031293700874658013
12,6,bottom,4,0.0047193729535087514,0.00675024694989064,0.0043640033502786914,0.0020308739963818883
12,6,bottom,5,0.0030283921380101038,0.0042208027292327255,0.002799816896909732,0.0011924105912226217
12,6,bottom,6,0.001136410959840501,0.0016728385119335913,0.0010538927560131675,0.0005364275520930903
13,7,top,-6,0.0006422240164846464,0.000997172017997586,0.000592284189716076,0.0003549480015129396
13,7,top,-5,0.0020535083472066015,0.0032167292010434364,0.0018558128053256628,0.001163220853836835
13,7,top,-4,0.003528606695737369,0.005397853569137797,0.0032155831478706603,0.0018692468734004281
13,7,top,-3,0.005730021035175373,0.008628145313959282,0.005146747541686004,0.0028981242787839093
13,7,top,-2,0.007960798213377059,0.011673817497108276,0.00702469952878237,0.003713019283731217
13,7,top,-1,0.011074561374124105,0.016162970120341295,0.009724687262394359,0.00508840874621719
13,7,top,0,0.016079895895954443,0.0229446530749477,0.013642209355056844,0.006864757178993257
13,7,top,1,0.01150203062406023,0.016435563163758295,0.010152156512330484,0.004933532539698065
13,7,top,2,0.008398197714036677,0.0120423587288022,0.007462099029441988,0.003644161014765524
13,7,top,3,0.006374254378906748,0.009048502319497817,0.005790980885417379,0.002674247940591069
13,7,top,4,0.004322697379403639,0.006069435314136434,0.0040096738315369305,0.0017467379347327946
13,7,top,5,0.0024245251625628866,0.0034061702022642306,0.002226829620681948,0.000981645039701344
13,7,top,6,0.0006858098476023439,0.0009924192150891375,0.0006358700208337735,0.0003066093674867936
14,7,bottom,-6,0.0004885628356955903,0.0007390175019981629,0.00045292552450069897,0.0002504546663025726
14,7,bottom,-5,0.0016548897397276714,0.002590542444999032,0.0015002215750378877,0.0009356527052713606
14,7,bottom,-4,0.002857361144371546,0.004418947165853143,0.002607172972930238,0.001561586021481597
14,7,bottom,-3,0.004850471312152171,0.00719565927566934,0.004333227461335867,0.002345187963517169
14,7,bottom,-2,0.007086679172307884,0.01041164844971211,0.006165660777423153,0.003324969277404226
14,7,bottom,-1,0.01038891584767065,0.015137660537373022,0.009010840926615095,0.0047487446897023725
14,7,bottom,0,0.015336468131671634,0.021435696738096574,0.012384729868237868,0.00609922860642494
14,7,bottom,1,0.010631925831774917,0.014963679689956226,0.009253850910719362,0.00433175385818131
14,7,bottom,2,0.007823339540593758,0.011081734625687633,0.006902321145709026,0.0032583950850938754
14,7,bottom,3,0.005601960898375225,0.007817303031049803,0.005084717047558922,0.0022153421326745774
14,7,bottom,4,0.003727331092709033,0.0051012791981977145,0.003477142921267725,0.0013739481054886814
14,7,bottom,5,0.001811927465091649,0.0025345926815596603,0.0016572593004018654,0.0007226652164680112
14,7,bottom,6,0.0004792635737479954,0.0007040610717693958,0.00044362626255310407,0.00022479749802140043
15,8,top,-6,0.00035173735897106736,0.0005395524600243293,0.00032350769860163824,0.00018781510105326193
15,8,top,-5,0.0011092535078285168,0.0017425937581309375,0.0009933749054573933,0.0006333402503024207
15,8,top,-4,0.002474589220090239,0.0037047062952025632,0.002269323491772978,0.001230117075112324
15,8,top,-3,0.00397122734849938,0.005822454479990844,0.0035824559250241497,0.001851227131491464
15,8,top,-2,0.006474684773438581,0.009298057831667924,0.005570920522650808,0.002823373058229343
15,8,top,-1,0.009816298688390289,0.014032252276139943,0.008422480324138348,0.004215953587749654
15,8,top,0,0.015847261250007037,0.021580067219673288,0.01219108527733608,0.005732805969666251
15,8,top,1,0.009888628573486446,0.01369224518738037,0.008494810209234505,0.0038036166138939245
15,8,top,2,0.006978885302607588,0.009797670862555126,0.006075121051819815,0.002818785559947538
15,8,top,3,0.004373020733075238,0.006040733510694252,0.0039842493096000076,0.0016677127776190143
15,8,top,4,0.0025946255483495426,0.0036644809612141503,0.0023893598200322814,0.0010698554128646077
15,8,top,5,0.0013241333419295892,0.0018470494220525575,0.0012082547395584657,0.0005229160801229684
15,8,top,6,0.000327913120709347,0.0004952975110126301,0.0002996834603399179,0.0001673843903032831
16,8,bottom,-6,0.00016807811079522328,0.00026284056894044133,0.00016020418083890743,9.476245814521805e-05
16,8,bottom,-5,0.0008261903193918113,0.0013608716260265184,0.0007497043380698179,0.0005346813066347072
16,8,bottom,-4,0.001915286420309718,0.0028819958569086083,0.001816934254591915,0.0009667094365988903
16,8,bottom,-3,0.0033876614346768003,0.0049126717082403504,0.0030844333467227453,0.00152501027356355
16,8,bottom,-2,0.005639575660021379,0.00799207367040355,0.004832285303666997,0.0023524980103821706
16,8,bottom,-1,0.008477634047439843,0.012020557298397527,0.007194992199465084,0.0035429232509576834
16,8,bottom,0,0.014719534918601233,0.019441009502747467,0.010159598814394377,0.004721474584146235
16,8,bottom,1,0.008090303155990875,0.010922726256424447,0.006807661308016116,0.0028324231004335718
16,8,bottom,2,0.005693949982937223,0.008004273362850214,0.004886659626582842,0.0023103233799129912
16,8,bottom,3,0.003641931069574454,0.004840408890369906,0.003338702981620399,0.0011984778207954523
16,8,bottom,4,0.0021204088239398923,0.0029159552591312495,0.002022056658222089,0.0007955464351913572
16,8,bottom,5,0.0010526937968731599,0.00145120012288044,0.0009762078155511665,0.00039850632600728006
16,8,bottom,6,0.00015210707695495577,0.00023690764416259505,0.00014423314699863992,8.480056720763928e-05
17,9,top,-6,7.877588288708952e-05,0.00011748553895699987,7.591372650181017e-05,3.870965606991035e-05
17,9,top,-5,0.00023495431881801845,0.0003714028850076461,0.00023495431881801845,0.00013644856618962766
17,9,top,-4,0.0008308671893727927,0.0011435998926508056,0.0007941880812528127,0.0003127327032780129
17,9,top,-3,0.001878723745307018,0.00271262331064894,0.0016994856037913445,0.0008338995653419221
17,9,top,-2,0.004014955560230159,0.005646154480001174,0.003415920426967656,0.001631198919771015
17,9,top,-1,0.0074009799747605945,0.010100858636330978,0.006302834867172183,0.0026998786615703837
17,9,top,0,0.01567945801785622,0.01972618104136333,0.009378686251264607,0.004046723023507108
17,9,top,1,0.006401391780667036,0.00853292867614461,0.005303246673078625,0.002131536895477573
17,9,top,2,0.004010494757609385,0.005485755625388149,0.003411459624346882,0.0014752608677787646
17,9,top,3,0.001952830523278105,0.002457878770993943,0.0017735923817624314,0.000505048247715838
17,9,top,4,0.0008040376862780056,0.0010924873131716974,0.0007673585781580256,0.00028844962689369177
17,9,top,5,0.00020835842070957413,0.00032712551833073,0.00020835842070957413,0.00011876709762115588
17,9,top,6,6.152766321242021e-05,9.15883559062155e-05,5.8665506827140865e-05,3.0060692693795288e-05
18,9,bottom,-6,9.432839200271541e-05,0.00013938644879802974,9.432839200271541e-05,4.505805679531433e-05
18,9,bottom,-5,0.00038936778991098916,0.0005656338882378529,0.00038936778991098916,0.00017626609832686375
18,9,bottom,-4,0.0015085988076967,0.0020149372024508456,0.0015085988076967,0.0005063383947541457
18,9,bottom,-3,0.002139625707115602,0.002861058917051952,0.0018841794246704647,0.00072143320993635
18,9,bottom,-2,0.004723161020624086,0.006236483168127981,0.00385464366031062,0.0015133221475038955
18,9,bottom,-1,0.007415704120889952,0.010319387145656299,0.006039006899570587,0.0029036830247663467
18,9,bottom,0,0.013921328278571878,0.01656579224811277,0.005798136496816396,0.0026444639695408917
18,9,bottom,1,0.006622075244665431,0.008329888827173918,0.005245378023346066,0.0017078135825084875
18,9,bottom,2,0.00490997000753426,0.006309148868570808,0.004041452647220794,0.0013991788610365477
18,9,bottom,3,0.002857836216677096,0.0034700023151998903,0.002602389934231959,0.0006121660985227944
18,9,bottom,4,0.0013183940856571882,0.001768071605995388,0.0013183940856571882,0.0004496775203381997
18,9,bottom,5,0.0003369679556275226,0.00043009971424073,0.0003369679556275226,9.31317586132074e-05
18,9,bottom,6,5.8155777228737405e-05,8.576793604872648e-05,5.8155777228737405e-05,2.7612158819989074e-05
19,10,top,-6,0.00021970074385653193,0.00026102590289135154,0.0,4.132515903481962e-05
19,10,top,-5,0.00796076718792938,0.010319602272608266,0.0,0.0023588350846788873
19,10,top,-4,0.0035942920509979947,0.004330327833113348,0.0,0.0007360357821153537
19,10,top,-3,0.0016415165463958329,0.0022868470978858893,0.0,0.0006453305514900565
19,10,top,-2,0.007219963131439609,0.010470918059540606,0.0,0.0032509549281009974
19,10,top,-1,0.009538655996171578,0.012804915126294303,0.0,0.0032662591301227256
19,10,top,0,0.01072874386269576,0.014286092166889364,0.0,0.0035573483041936044
19,10,top,1,0.009645196271049627,0.01302624036027959,0.0,0.0033810440892299634
19,10,top,2,0.010213971319806755,0.01282953872568472,0.0,0.002615567405877966
19,10,top,3,0.0048692386658688415,0.005355495698999283,0.0,0.00048625703313044145
19,10,top,4,0.0027598448276519587,0.0032278493471280373,0.0,0.00046800451947607864
19,10,top,5,0.0007145042414375214,0.000825337663153499,0.0,0.00011083342171597764
19,10,top,6,0.0002112701767739465,0.00021571703206182946,0.0,4.446855287882961e-06
20,10,bottom,-6,0.00021970074385653193,0.00026102590289135154,0.00021970074385653193,4.132515903481962e-05
20,10,bottom,-5,0.00796076718792938,0.010319602272608266,0.00796076718792938,0.0023588350846788873
20,10,bottom,-4,0.0035942920509979947,0.004330327833113348,0.0023606374964410164,0.0007360357821153537
20,10,bottom,-3,0.0016415165463958329,0.0022868470978858893,0.0016415165463958329,0.0006453305514900565
20,10,bottom,-2,0.007219963131439609,0.010470918059540606,0.00634914815175233,0.0032509549281009974
20,10,bottom,-1,0.009538655996171578,0.012804915126294303,0.0063056302669877735,0.0032662591301227256
20,10,bottom,0,0.006311965425403594,0.007746996494767622,0.0027125968426961657,0.0014350310693640273
20,10,bottom,1,0.009645196271049627,0.01302624036027959,0.006412170541865823,0.0033810440892299634
20,10,bottom,2,0.010213971319806755,0.01282953872568472,0.009343156340119476,0.002615567405877966
20,10,bottom,3,0.0048692386658688415,0.005355495698999283,0.0048692386658688415,0.00048625703313044145
20,10,bottom,4,0.0027598448276519587,0.0032278493471280373,0.0015261902730949802,0.00046800451947607864
20,10,bottom,5,0.0007145042414375214,0.000825337663153499,0.0007145042414375214,0.00011083342171597764
20,10,bottom,6,0.0002112701767739465,0.00021571703206182946,0.0002112701767739465,4.446855287882961e-06
21,11,top,-6,0.0,0.0,0.0,0.0
21,11,top,-5,0.00129199110702878,0.0016912373167939734,0.0,0.0003992462097651933
21,11,top,-4,0.0023269292328050796,0.00316837513564884,0.0,0.0008414459028437604
21,11,top,-3,0.004446834234570593,0.00510193087446428,0.0,0.0006550966398936866
21,11,top,-2,0.004229137826203178,0.0056827228854867745,0.0,0.0014535850592835966
21,11,top,-1,0.008147863683385447,0.010014131690989652,0.0,0.0018662680076042045
21,11,top,0,0.009869236436455828,0.012780256081972273,0.0,0.002911019645516445
21,11,top,1,0.00630610330803539,0.00794368829471887,0.0,0.0016375849866834798
21,11,top,2,0.004379688952174912,0.005374585221520063,0.0,0.0009948962693451507
21,11,top,3,0.0015164839980510317,0.0015900089906193799,0.0,7.35249925683482e-05
21,11,top,4,0.0003907360585940601,0.0005393655926458035,0.0,0.00014862953405174342
21,11,top,5,0.0002535310373054908,0.0003563482796293558,0.0,0.00010281724232386497
21,11,top,6,0.00024951274139679716,0.0002584094963669757,0.0,8.896754970178541e-06
22,11,bottom,-6,0.0,0.0,0.0,0.0
22,11,bottom,-5,0.00129199110702878,0.0016912373167939734,0.0,0.0003992462097651933
22,11,bottom,-4,0.0023269292328050796,0.00316837513564884,0.0023269292328050796,0.0008414459028437604
22,11,bottom,-3,0.004446834234570593,0.00510193087446428,0.004446834234570593,0.0006550966398936866
22,11,bottom,-2,0.004229137826203178,0.0056827228854867745,0.002631053108658357,0.0014535850592835966
22,11,bottom,-1,0.008147863683385447,0.010014131690989652,0.0043124603612778745,0.0018662680076042045
22,11,bottom,0,0.006134677259616718,0.00887326429047757,0.0033951034581113106,0.002738587030860852
22,11,bottom,1,0.00630610330803539,0.00794368829471887,0.002470699985927818,0.0016375849866834798
22,11,bottom,2,0.004379688952174912,0.005374585221520063,0.0027816042346300914,0.0009948962693451507
22,11,bottom,3,0.0015164839980510317,0.0015900089906193799,0.0015164839980510317,7.35249925683482e-05
22,11,bottom,4,0.0003907360585940601,0.0005393655926458035,0.0003907360585940601,0.00014862953405174342
22,11,bottom,5,0.0002535310373054908,0.0003563482796293558,0.0,0.00010281724232386497
22,11,bottom,6,0.00024951274139679716,0.0002584094963669757,0.00024951274139679716,8.896754970178541e-06
23,12,top,-6,2.38789052382333e-05,3.308228059568735e-05,0.0,9.203375357454049e-06
23,12,top,-5,0.00129199110702878,0.0016912373167939734,0.0,0.0003992462097651933
23,12,top,-4,0.0,0.0,0.0,0.0
23,12,top,-3,0.0,0.0,0.0,0.0
23,12,top,-2,0.005089417595728325,0.005089417595728325,0.0,0.0
23,12,top,-1,0.008277395306877041,0.00991858752979056,0.0,0.001641192222913519
23,12,top,0,0.0071913812289516954,0.009643552097779366,0.0,0.0024521708688276704
23,12,top,1,0.0014063090862077908,0.0015492997375955524,0.0,0.0001429906513877616
23,12,top,2,0.00583893310052715,0.006930896533444086,0.0,0.0010919634329169363
23,12,top,3,0.0,0.0,0.0,0.0
23,12,top,4,0.0,0.0,0.0,0.0
23,12,top,5,0.0002535310373054908,0.0003563482796293558,0.0,0.00010281724232386497
23,12,top,6,6.5033776366548e-07,6.523471584009047e-07,0.0,2.009394735424632e-09
24,12,bottom,-6,2.38789052382333e-05,3.308228059568735e-05,2.38789052382333e-05,9.203375357454049e-06
24,12,bottom,-5,0.00129199110702878,0.0016912373167939734,0.00129199110702878,0.0003992462097651933
24,12,bottom,-4,0.0,0.0,0.0,0.0
24,12,bottom,-3,0.0,0.0,0.0,0.0
24,12,bottom,-2,0.005089417595728325,0.005089417595728325,0.005089417595728325,0.0
24,12,bottom,-1,0.008277395306877041,0.00991858752979056,0.0076068043401155555,0.001641192222913519
24,12,bottom,0,0.0013910294108115647,0.001622957846647733,0.00031808386399318715,0.00023192843583616832
24,12,bottom,1,0.0014063090862077908,0.0015492997375955524,0.0007357181194463048,0.0001429906513877616
24,12,bottom,2,0.00583893310052715,0.006930896533444086,0.00583893310052715,0.0010919634329169363
24,12,bottom,3,0.0,0.0,0.0,0.0
24,12,bottom,4,0.0,0.0,0.0,0.0
24,12,bottom,5,0.0002535310373054908,0.0003563482796293558,0.0002535310373054908,0.00010281724232386497
24,12,bottom,6,6.5033776366548e-07,6.523471584009047e-07,6.5033776366548e-07,2.009394735424632e-09
25,13,top,-6,0.0,0.0,0.0,0.0
25,13,top,-5,0.0,0.0,0.0,0.0
25,13,top,-4,0.0,0.0,0.0,0.0
25,13,top,-3,0.0,0.0,0.0,0.0
25,13,top,-2,0.00035113304077804137,0.0003709261032132037,0.0,1.9793062435162338e-05
25,13,top,-1,0.0,0.0,0.0,0.0
25,13,top,0,0.002682363867045944,0.0036810118041155446,0.0,0.0009986479370696008
25,13,top,1,0.0,0.0,0.0,0.0
25,13,top,2,0.002573451470801886,0.0034798840316859537,0.0,0.0009064325608840679
25,13,top,3,0.0,0.0,0.0,0.0
25,13,top,4,0.0,0.0,0.0,0.0
25,13,top,5,0.0,0.0,0.0,0.0
25,13,top,6,0.0,0.0,0.0,0.0
26,13,bottom,-6,0.0,0.0,0.0,0.0
26,13,bottom,-5,0.0,0.0,0.0,0.0
26,13,bottom,-4,0.0,0.0,0.0,0.0
26,13,bottom,-3,0.0,0.0,0.0,0.0
26,13,bottom,-2,0.00035113304077804137,0.0003709261032132037,0.00035113304077804137,1.9793062435162338e-05
26,13,bottom,-1,0.0,0.0,0.0,0.0
26,13,bottom,0,0.0011594301492011457,0.0011594301492011457,0.0011594301492011457,0.0
26,13,bottom,1,0.0,0.0,0.0,0.0
26,13,bottom,2,0.002573451470801886,0.0034798840316859537,0.002573451470801886,0.0009064325608840679
26,13,bottom,3,0.0,0.0,0.0,0.0
26,13,bottom,4,0.0,0.0,0.0,0.0
26,13,bottom,5,0.0,0.0,0.0,0.0
26,13,bottom,6,0.0,0.0,0.0,0.0
27,14,top,-6,0.0,0.0,0.0,0.0
27,14,top,-5,0.0,0.0,0.0,0.0
27,14,top,-4,0.0,0.0,0.0,0.0
27,14,top,-3,0.0,0.0,0.0,0.0
27,14,top,-2,0.0,0.0,0.0,0.0
27,14,top,-1,0.0,0.0,0.0,0.0
27,14,top,0,0.0,0.0,0.0,0.0
27,14,top,1,0.0,0.0,0.0,0.0
27,14,top,2,0.0,0.0,0.0,0.0
27,14,top,3,0.0,0.0,0.0,0.0
27,14,top,4,0.0,0.0,0.0,0.0
27,14,top,5,0.0,0.0,0.0,0.0
27,14,top,6,0.0,0.0,0.0,0.0
28,14,bottom,-6,0.0,0.0,0.0,0.0
28,14,bottom,-5,0.0,0.0,0.0,0.0
28,14,bottom,-4,0.0,0.0,0.0,0.0
28,14,bottom,-3,0.0,0.0,0.0,0.0
28,14,bottom,-2,0.0,0.0,0.0,0.0
28,14,bottom,-1,0.0,0.0,0.0,0.0
28,14,bottom,0,0.0,0.0,0.0,0.0
28,14,bottom,1,0.0,0.0,0.0,0.0
28,14,bottom,2,0.0,0.0,0.0,0.0
28,14,bottom,3,0.0,0.0,0.0,0.0
28,14,bottom,4,0.0,0.0,0.0,0.0
28,14,bottom,5,0.0,0.0,0.0,0.0
28,14,bottom,6,0.0,0.0,0.0,0.0
29,15,top,-6,0.0,0.0,0.0,0.0
29,15,top,-5,0.0,0.0,0.0,0.0
29,15,top,-4,0.0,0.0,0.0,0.0
29,15,top,-3,0.0,0.0,0.0,0.0
29,15,top,-2,0.0,0.0,0.0,0.0
29,15,top,-1,0.0,0.0,0.0,0.0
29,15,top,0,0.0,0.0,0.0,0.0
29,15,top,1,0.0,0.0,0.0,0.0
29,15,top,2,0.0,0.0,0.0,0.0
29,15,top,3,0.0,0.0,0.0,0.0
29,15,top,4,0.0,0.0,0.0,0.0
29,15,top,5,0.0,0.0,0.0,0.0
29,15,top,6,0.0,0.0,0.0,0.0
30,15,bottom,-6,0.0,0.0,0.0,0.0
30,15,bottom,-5,0.0,0.0,0.0,0.0
30,15,bottom,-4,0.0,0.0,0.0,0.0
30,15,bottom,-3,0.0,0.0,0.0,0.0
30,15,bottom,-2,0.0,0.0,0.0,0.0
30,15,bottom,-1,0.0,0.0,0.0,0.0
30,15,bottom,0,0.0,0.0,0.0,0.0
30,15,bottom,1,0.0,0.0,0.0,0.0
30,15,bottom,2,0.0,0.0,0.0,0.0
30,15,bottom,3,0.0,0.0,0.0,0.0
30,15,bottom,4,0.0,0.0,0.0,0.0
30,15,bottom,5,0.0,0.0,0.0,0.0
30,15,bottom,6,0.0,0.0,0.0,0.0
31,16,top,-6,0.0,0.0,0.0,0.0
31,16,top,-5,0.0,0.0,0.0,0.0
31,16,top,-4,0.0,0.0,0.0,0.0
31,16,top,-3,0.0,0.0,0.0,0.0
31,16,top,-2,0.0,0.0,0.0,0.0
31,16,top,-1,0.0,0.0,0.0,0.0
31,16,top,0,0.0,0.0,0.0,0.0
31,16,top,1,0.0,0.0,0.0,0.0
31,16,top,2,0.0,0.0,0.0,0.0
31,16,top,3,0.0,0.0,0.0,0.0
31,16,top,4,0.0,0.0,0.0,0.0
31,16,top,5,0.0,0.0,0.0,0.0
31,16,top,6,0.0,0.0,0.0,0.0
32,16,bottom,-6,0.0,0.0,0.0,0.0
32,16,bottom,-5,0.0,0.0,0.0,0.0
32,16,bottom,-4,0.0,0.0,0.0,0.0
32,16,bottom,-3,0.0,0.0,0.0,0.0
32,16,bottom,-2,0.0,0.0,0.0,0.0
32,16,bottom,-1,0.0,0.0,0.0,0.0
32,16,bottom,0,0.0,0.0,0.0,0.0
32,16,bottom,1,0.0,0.0,0.0,0.0
32,16,bottom,2,0.0,0.0,0.0,0.0
32,16,bottom,3,0.0,0.0,0.0,0.0
32,16,bottom,4,0.0,0.0,0.0,0.0
32,16,bottom,5,0.0,0.0,0.0,0.0
32,16,bottom,6,0.0,0.0,0.0,0.0
33,17,top,-6,0.0,0.0,0.0,0.0
33,17,top,-5,0.0,0.0,0.0,0.0
33,17,top,-4,0.0,0.0,0.0,0.0
33,17,top,-3,0.0,0.0,0.0,0.0
33,17,top,-2,0.0,0.0,0.0,0.0
33,17,top,-1,0.0,0.0,0.0,0.0
33,17,top,0,0.0,0.0,0.0,0.0
33,17,top,1,0.0,0.0,0.0,0.0
33,17,top,2,0.0,0.0,0.0,0.0
33,17,top,3,0.0,0.0,0.0,0.0
33,17,top,4,0.0,0.0,0.0,0.0
33,17,top,5,0.0,0.0,0.0,0.0
33,17,top,6,0.0,0.0,0.0,0.0
34,17,bottom,-6,0.0,0.0,0.0,0.0
34,17,bottom,-5,0.0,0.0,0.0,0.0
34,17,bottom,-4,0.0,0.0,0.0,0.0
34,17,bottom,-3,0.0,0.0,0.0,0.0
34,17,bottom,-2,0.0,0.0,0.0,0.0
34,17,bottom,-1,0.0,0.0,0.0,0.0
34,17,bottom,0,0.0,0.0,0.0,0.0
34,17,bottom,1,0.0,0.0,0.0,0.0
34,17,bottom,2,0.0,0.0,0.0,0.0
34,17,bottom,3,0.0,0.0,0.0,0.0
34,17,bottom,4,0.0,0.0,0.0,0.0
34,17,bottom,5,0.0,0.0,0.0,0.0
34,17,bottom,6,0.0,0.0,0.0,0.0
35,18,top,-6,0.0,0.0,0.0,0.0
35,18,top,-5,0.0,0.0,0.0,0.0
35,18,top,-4,0.0,0.0,0.0,0.0
35,18,top,-3,0.0,0.0,0.0,0.0
35,18,top,-2,0.0,0.0,0.0,0.0
35,18,top,-1,0.0,0.0,0.0,0.0
35,18,top,0,0.0,0.0,0.0,0.0
35,18,top,1,0.0,0.0,0.0,0.0
35,18,top,2,0.0,0.0,0.0,0.0
35,18,top,3,0.0,0.0,0.0,0.0
35,18,top,4,0.0,0.0,0.0,0.0
35,18,top,5,0.0,0.0,0.0,0.0
35,18,top,6,0.0,0.0,0.0,0.0
36,18,bottom,-6,0.0,0.0,0.0,0.0
36,18,bottom,-5,0.0,0.0,0.0,0.0
36,18,bottom,-4,0.0,0.0,0.0,0.0
36,18,bottom,-3,0.0,0.0,0.0,0.0
36,18,bottom,-2,0.0,0.0,0.0,0.0
36,18,bottom,-1,0.0,0.0,0.0,0.0
36,18,bottom,0,0.0,0.0,0.0,0.0
36,18,bottom,1,0.0,0.0,0.0,0.0
36,18,bottom,2,0.0,0.0,0.0,0.0
36,18,bottom,3,0.0,0.0,0.0,0.0
36,18,bottom,4,0.0,0.0,0.0,0.0
36,18,bottom,5,0.0,0.0,0.0,0.0
36,18,bottom,6,0.0,0.0,0.0,0.0
37,19,top,-6,0.0,0.0,0.0,0.0
37,19,top,-5,0.0,0.0,0.0,0.0
37,19,top,-4,0.0,0.0,0.0,0.0
37,19,top,-3,0.0,0.0,0.0,0.0
37,19,top,-2,0.0,0.0,0.0,0.0
37,19,top,-1,0.0,0.0,0.0,0.0
37,19,top,0,0.0,0.0,0.0,0.0
37,19,top,1,0.0,0.0,0.0,0.0
37,19,top,2,0.0,0.0,0.0,0.0
37,19,top,3,0.0,0.0,0.0,0.0
37,19,top,4,0.0,0.0,0.0,0.0
37,19,top,5,0.0,0.0,0.0,0.0
37,19,top,6,0.0,0.0,0.0,0.0
38,19,bottom,-6,0.0,0.0,0.0,0.0
38,19,bottom,-5,0.0,0.0,0.0,0.0
38,19,bottom,-4,0.0,0.0,0.0,0.0
38,19,bottom,-3,0.0,0.0,0.0,0.0
38,19,bottom,-2,0.0,0.0,0.0,0.0
38,19,bottom,-1,0.0,0.0,0.0,0.0
38,19,bottom,0,0.0,0.0,0.0,0.0
38,19,bottom,1,0.0,0.0,0.0,0.0
38,19,bottom,2,0.0,0.0,0.0,0.0
38,19,bottom,3,0.0,0.0,0.0,0.0
38,19,bottom,4,0.0,0.0,0.0,0.0
38,19,bottom,5,0.0,0.0,0.0,0.0
38,19,bottom,6,0.0,0.0,0.0,0.0
39,20,top,-6,0.0,0.0,0.0,0.0
39,20,top,-5,0.0,0.0,0.0,0.0
39,20,top,-4,0.0,0.0,0.0,0.0
39,20,top,-3,0.0,0.0,0.0,0.0
39,20,top,-2,0.0,0.0,0.0,0.0
39,20,top,-1,0.0,0.0,0.0,0.0
39,20,top,0,0.0,0.0,0.0,0.0
39,20,top,1,0.0,0.0,0.0,0.0
39,20,top,2,0.0,0.0,0.0,0.0
39,20,top,3,0.0,0.0,0.0,0.0
39,20,top,4,0.0,0.0,0.0,0.0
39,20,top,5,0.0,0.0,0.0,0.0
39,20,top,6,0.0,0.0,0.0,0.0
40,20,bottom,-6,0.0,0.0,0.0,0.0
40,20,bottom,-5,0.0,0.0,0.0,0.0
40,20,bottom,-4,0.0,0.0,0.0,0.0
40,20,bottom,-3,0.0,0.0,0.0,0.0
40,20,bottom,-2,0.0,0.0,0.0,0.0
40,20,bottom,-1,0.0,0.0,0.0,0.0
40,20,bottom,0,0.0,0.0,0.0,0.0
40,20,bottom,1,0.0,0.0,0.0,0.0
40,20,bottom,2,0.0,0.0,0.0,0.0
40,20,bottom,3,0.0,0.0,0.0,0.0
40,20,bottom,4,0.0,0.0,0.0,0.0
40,20,bottom,5,0.0,0.0,0.0,0.0
40,20,bottom,6,0.0,0.0,0.0,0.0
