policy,gain,used,succ,succ_rate,tokens_left
observed_realized,0.02109993100820753,2.1736864053377816,1.1728523769808175,0.539568345323741,
observed_realized_abs_verdict,0.021100845410072417,2.1736864053377816,1.1730608840700585,0.539664268585132,
oracle,0.06368026892262076,4.919933277731443,4.919933277731443,1.0,2.0
optimal,0.025652981709706348,2.717678273561301,1.1657704336947456,0.4289582196082012,0.5308507089241035
card,0.023777945195033755,2.4929597581317764,1.1684997914929107,0.4687198771185076,0.7484028356964136
naive50,0.012030641870518116,1.4208871976647206,0.8985456630525437,0.6323835308878396,1.4873592577147623
late50,0.003899703628220385,0.45683381984987487,0.28759174311926605,0.6295325140633736,1.8323446622185153
observed_model,0.019658684699827605,2.1571966221851544,1.1763469557964972,0.5453128118682591,1.050827773144287
never,0.0,0.0,0.0,0.0,2.0
