by,role,opps,obs_used,opt_used,obs_succ,opt_succ,obs_gain,opt_gain,oracle_gain,gap_pp,obs_succ_rate,opt_succ_rate,inn_band,cnt,tokens_obs
side,bat,112757,0.9812343619683069,1.2584049207673063,0.48019182652210174,0.48045141784820683,0.8925382873388907,1.1237257457848322,3.201543510673868,0.23118745844594146,0.48937526561835953,0.38179397578583363,,,
side,fld,237831,1.1924520433694745,1.459273352793995,0.6926605504587156,0.6853190158465388,1.2174548134818624,1.4415724251858022,3.166483381588207,0.22411761170393985,0.5808707816051757,0.46963032288254564,,,
inning band,,120850,0.6194745621351125,0.9684414095079233,0.3767723102585488,0.46178690575479564,0.6998074236322036,1.0558776321185535,2.3511417033003212,0.35607020848634985,0.6082127229888927,0.4768351510180002,1-3,,
inning band,,117084,0.6995412844036697,0.8446601334445372,0.38928273561301086,0.37750312760633864,0.6584556408609321,0.803040212237525,2.005093322750167,0.14458457137659286,0.5564828614008942,0.4469290222883789,4-6,,
inning band,,79808,0.5285654712260217,0.5616273978315263,0.2731442869057548,0.222779399499583,0.4368681800520904,0.44555870182410434,1.2708978436348926,0.00869052177201396,0.5167652859960552,0.3966676133674146,7-8,,
inning band,,32846,0.32610508757297746,0.34294933277731443,0.1336530442035029,0.10370100083402836,0.31486185627552693,0.2608216247904519,0.7408940225766952,-0.05404023148507503,0.409846547314578,0.3023799463151719,9+,,
side × inning band,bat,39104,0.2564637197664721,0.39358527939949955,0.1346955796497081,0.15740408673894912,0.26244291642663675,0.39985281059804306,1.0718068157674572,0.1374098941714063,0.5252032520325203,0.3999237140654841,1-3,,
side × inning band,bat,37115,0.3121351125938282,0.398191201000834,0.16201000834028356,0.16591951626355297,0.29204297060083556,0.3840297795971487,1.076016333141707,0.09198680899631312,0.5190380761523046,0.41668303027922876,4-6,,
side × inning band,bat,25901,0.25417014178482067,0.2853596747289408,0.1213511259382819,0.10316201000834029,0.18543046385456477,0.20343138156698193,0.6577110937320332,0.018000917712417158,0.47744052502050865,0.3615157260966619,7-8,,
side × inning band,bat,10637,0.15846538782318598,0.18126876563803168,0.06213511259382819,0.05396580483736447,0.15262193645685368,0.13641177402265875,0.3960092680326707,-0.01621016243419493,0.39210526315789473,0.29771154808394634,9+,,
side × inning band,fld,81746,0.3630108423686405,0.5748561301084237,0.2420767306088407,0.3043828190158465,0.43736450720556685,0.6560248215205104,1.2793348875328636,0.2186603143149436,0.6668581275129236,0.5294939082556827,1-3,,
side × inning band,fld,79969,0.38740617180984155,0.44646893244370306,0.22727272727272727,0.21158361134278567,0.3664126702600966,0.4190104326403764,0.9290769896084602,0.0525977623802798,0.5866523143164692,0.47390444433547463,4-6,,
side × inning band,fld,53907,0.274395329441201,0.2762677231025855,0.1517931609674729,0.11961738949124272,0.25143771619752564,0.24212732025712244,0.6131867499028593,-0.009310395940403199,0.5531914893617021,0.4329763468127821,7-8,,
side × inning band,fld,22209,0.16763969974979148,0.16168056713928272,0.07151793160967473,0.049735195996663886,0.16223991981867325,0.12440985076779315,0.3448847545440245,-0.0378300690508801,0.42661691542288566,0.30761393825281785,9+,,
count class,,90571,0.8194328607172644,1.0978794829024188,0.38261050875729774,0.3932235195996664,1.2672089067418588,1.5090057264917018,2.7579127026668973,0.24179681974984302,0.4669211195928753,0.35816637957393793,,PA-ending,
count class,,260017,1.354253544620517,1.6197987906588824,0.7902418682235196,0.7725469140950793,0.8427841940788942,1.0562924444789328,3.610114189595178,0.21350825040003862,0.5835257890685143,0.47694004869631484,,count-changing,
side × count class,bat,16323,0.38928273561301086,0.4882819015846539,0.1609674728940784,0.16155963302752294,0.5443971948633785,0.6553288604616252,1.2748838261350366,0.11093166559824674,0.4134975897161221,0.330873686907507,,PA-ending,
side × count class,bat,96434,0.5919516263552961,0.7701230191826522,0.31922435362802337,0.3188917848206839,0.3481410924755122,0.4683968853232071,1.9266596845388315,0.12025579284769489,0.5392743923916873,0.41407901968588146,,count-changing,
side × count class,fld,74248,0.43015012510425354,0.6095975813177649,0.22164303586321935,0.23166388657214343,0.7228117118784804,0.8536768660300768,1.4830288765318607,0.13086515415159639,0.5152690256907416,0.3800275684679661,,PA-ending,
side × count class,fld,163583,0.762301918265221,0.8496757714762302,0.47101751459549623,0.45365512927439533,0.49464310160338193,0.5878955591557257,1.683454505056347,0.09325245755234374,0.6178884026258206,0.5339155763924079,,count-changing,
tokens in hand (observed),,24167,0.0,0.14335175145954962,0.0,0.05423790658882402,0.0,0.12064100239997504,0.4549602189139887,0.12064100239997504,,0.3783553813371345,,,0.0
tokens in hand (observed),,95557,0.5957047539616347,0.7164386989157632,0.3121351125938282,0.28615304420350296,0.6140096632385887,0.653534292717789,1.7459649870948941,0.03952462947920021,0.5239761988099405,0.3994103677489203,,,1.0
tokens in hand (observed),,230864,1.5779816513761469,1.8578878231859883,0.8607172643869891,0.8253794829024187,1.4959834375821643,1.7911228758528706,4.1671016862531935,0.2951394382707062,0.5454545454545454,0.4442568989375372,,,2.0
