rule,tokens,retain,grant,value_pp,challenges_per_game,corrected_per_game,failed_per_game,minutes_added,corrections_per_minute,V_start_pp
2026 as played (observed behaviour),2,True,True,2.109993100820753,4.347372810675563,2.346121768140117,2.001251042535446,1.0143869891576314,2.3128468653648513,
"2 challenges, retained if successful (2026 rule) — optimal use, human perception",2,True,True,2.564890741851664,5.445857659160412,2.3351542952460385,3.1107033639143733,1.2707001204707629,1.837691094560471,2.4724250354268835
"1 challenge, retained — optimal use, human perception",1,True,True,1.6830378659671872,2.9526619405059775,1.3874131220461494,1.565248818459828,0.6889544527847281,2.0137951303432,1.6173818131608702
"3 challenges, retained — optimal use, human perception",3,True,True,3.1698244081119333,7.7775437864887405,3.088247150403114,4.6892966360856265,1.8147602168473727,1.701738401433585,3.0637465227614076
"4 challenges, retained — optimal use, human perception",4,True,True,3.6169443135735677,10.01117597998332,3.7190436474840145,6.292132332499307,2.3359410619961083,1.592096525032193,3.5129562503180436
"2 challenges, NOT retained — optimal use, human perception",2,False,True,1.962458892830413,3.3539755351681957,1.3577425632471505,1.9962329719210452,0.7825942915392456,1.734925207001797,1.890241163191472
"3 challenges, NOT retained — optimal use, human perception",3,False,True,2.509798396949916,4.987920489296636,1.9381150959132611,3.049805393383375,1.1638481141692152,1.6652646271603384,2.429494142903518
"2 challenges, retained, no extra-innings grant — optimal use, human perception",2,True,False,2.4994649285781674,5.225055601890465,2.2761328885182093,2.9489227133722555,1.2191796404411084,1.8669380729608371,2.4027540799900833
"2 challenges retained — perfect perception (oracle) = every miscall corrected: with retention a perfect challenger never loses a token, so the cap never binds",2,True,True,6.368026892262075,9.839866555462885,9.839866555462885,0.0,2.2959688629413395,4.2857142857142865,
